Team,Team logo
 Fortuna Sittard,https://cdn5.wyscout.com/photos/team/public/g-16911_120x120.png
 Hapoel Jerusalem,https://cdn5.wyscout.com/photos/team/public/g-16967_120x120.png
 Livingston,https://cdn5.wyscout.com/photos/team/public/g-19154_120x120.png
247 FC (Soar FC),https://cdn5.wyscout.com/photos/team/public/g-17169_120x120.png
3B da Amazônia,https://cdn5.wyscout.com/photos/team/public/g-10752_120x120.png
AC Milan,https://cdn5.wyscout.com/photos/team/public/g-9127_120x120.png
ADIFFEM,https://cdn5.wyscout.com/photos/team/public/g-22551_120x120.png
ADO Den Haag,https://cdn5.wyscout.com/photos/team/public/g8581_120x120.png
AEM,https://cdn5.wyscout.com/photos/team/public/g25224_120x120.png
AFC Bournemouth Ladies,https://cdn5.wyscout.com/photos/team/public/g9547_120x120.png
AFC Toronto,https://cdn5.wyscout.com/photos/team/public/g-22317_120x120.png
AGF,https://cdn5.wyscout.com/photos/team/public/g-12677_120x120.png
AGF U19,https://cdn5.wyscout.com/photos/team/public/g-19602_120x120.png
AIK,https://cdn5.wyscout.com/photos/team/public/g4428_120x120.png
APEP,https://cdn5.wyscout.com/photos/team/public/1278_120x120.png
APIA Leichhardt Tigers,https://cdn5.wyscout.com/photos/team/public/g35970_120x120.png
AS Roma,https://cdn5.wyscout.com/photos/team/public/g16593_120x120.png
ASA,https://cdn5.wyscout.com/photos/team/public/g9987_120x120.png
ASU Sun Devils,https://cdn5.wyscout.com/photos/team/public/g-7888_120x120.png
AZ,https://cdn5.wyscout.com/photos/team/public/g8580_120x120.png
AaB,https://cdn5.wyscout.com/photos/team/public/g11059_120x120.png
AaB U19,https://cdn5.wyscout.com/photos/team/public/g-19616_120x120.png
Aarau,https://cdn5.wyscout.com/photos/team/public/g14406_120x120.png
Aberdeen,https://cdn5.wyscout.com/photos/team/public/g5414_120x120.png
Adelaide United,https://cdn5.wyscout.com/photos/team/public/g12650_120x120.png
Afturelding,https://cdn5.wyscout.com/photos/team/public/g8398_120x120.png
Ajax,https://cdn5.wyscout.com/photos/team/public/g21602_120x120.png
Akademia Piłkarska LG,https://cdn5.wyscout.com/photos/team/public/g39794_120x120.png
Akademia Piłkarska OG,https://cdn5.wyscout.com/photos/team/public/g39794_120x120.png
Alamein,https://cdn5.wyscout.com/photos/team/public/g35950_120x120.png
Alamein U20,https://cdn5.wyscout.com/photos/team/public/g-21548_120x120.png
Albergaria,https://cdn5.wyscout.com/photos/team/public/g14336_120x120.png
Albirex Niigata,https://cdn5.wyscout.com/photos/team/public/g5461_120x120.png
Alhama,https://cdn5.wyscout.com/photos/team/public/g30551_120x120.png
Alianza,https://cdn5.wyscout.com/photos/team/public/g-22169_120x120.png
Alianza Lima,https://cdn5.wyscout.com/photos/team/public/g-14865_120x120.png
Alianza Petrolera,https://cdn5.wyscout.com/photos/team/public/g38688_120x120.png
Alingsås,https://cdn5.wyscout.com/photos/team/public/g-12570_120x120.png
Always Ready,https://cdn5.wyscout.com/photos/team/public/g-17088_120x120.png
Amora FC,https://cdn5.wyscout.com/photos/team/public/g-12893_120x120.png
América,https://cdn5.wyscout.com/photos/team/public/g-8739_120x120.png
América Mineiro,https://cdn5.wyscout.com/photos/team/public/g34416_120x120.png
América de Cali,https://cdn5.wyscout.com/photos/team/public/g38631_120x120.png
Anderlecht,https://cdn5.wyscout.com/photos/team/public/g5353_120x120.png
Andernach,https://cdn5.wyscout.com/photos/team/public/g28959_120x120.png
Angel City,https://cdn5.wyscout.com/photos/team/public/g-15382_120x120.png
Apollon Limassol,https://cdn5.wyscout.com/photos/team/public/g10768_120x120.png
Arezzo ,https://cdn5.wyscout.com/photos/team/public/g16598_120x120.png
Arna-Bjørnar,https://cdn5.wyscout.com/photos/team/public/g5229_120x120.png
Arsenal,https://cdn5.wyscout.com/photos/team/public/g5241_120x120.png
Arsenal Women U21,https://cdn5.wyscout.com/photos/team/public/g-13063_120x120.png
Aston Villa,https://cdn5.wyscout.com/photos/team/public/g5262_120x120.png
Aston Villa Womens U21,https://cdn5.wyscout.com/photos/team/public/g-13062_120x120.png
Athletic Club,https://cdn5.wyscout.com/photos/team/public/g4323_120x120.png
Athletic Club II,https://cdn5.wyscout.com/photos/team/public/g12729_120x120.png
Athletico Paranaense,https://cdn5.wyscout.com/photos/team/public/g-12429_120x120.png
Athlone Town,https://cdn5.wyscout.com/photos/team/public/g-12662_120x120.png
Athlone Town ,https://cdn5.wyscout.com/photos/team/public/g-12662_120x120.png
Atlas,https://cdn5.wyscout.com/photos/team/public/g-8730_120x120.png
Atletico Madrid,https://cdn5.wyscout.com/photos/team/public/g7079_120x120.png
Atletico Madrid Feminino,https://cdn5.wyscout.com/photos/team/public/g7079_120x120.png
Atlético Bucaramanga,https://cdn5.wyscout.com/photos/team/public/g38691_120x120.png
Atlético Huila,https://cdn5.wyscout.com/photos/team/public/g38694_120x120.png
Atlético Madrid II,https://cdn5.wyscout.com/photos/team/public/g12792_120x120.png
Atlético Madrid U14,https://cdn5.wyscout.com/photos/team/public/g-15007_120x120.png
Atlético Mineiro,https://cdn5.wyscout.com/photos/team/public/g-12424_120x120.png
Atlético Nacional,https://cdn5.wyscout.com/photos/team/public/g-15495_120x120.png
Atlético de San Luis,https://cdn5.wyscout.com/photos/team/public/g-10489_120x120.png
Auckland United,https://cdn5.wyscout.com/photos/team/public/g-16978_120x120.png
Auda,https://cdn5.wyscout.com/photos/team/public/g-18245_120x120.png
Avaldsnes,https://cdn5.wyscout.com/photos/team/public/g15275_120x120.png
Ayr United,https://cdn5.wyscout.com/photos/team/public/g35869_120x120.png
B 93,https://cdn5.wyscout.com/photos/team/public/g39767_120x120.png
B.93 U18,https://cdn5.wyscout.com/photos/team/public/g-16879_120x120.png
B.93 U19,https://cdn5.wyscout.com/photos/team/public/g-19610_120x120.png
BIIK Kazygurt,https://cdn5.wyscout.com/photos/team/public/g21605_120x120.png
BSC Young Boys U19,https://cdn5.wyscout.com/photos/team/public/g-20056_120x120.png
Bahia,https://cdn5.wyscout.com/photos/team/public/g27054_120x120.png
Balcatta,https://cdn5.wyscout.com/photos/team/public/g33151_120x120.png
Balears,https://cdn5.wyscout.com/photos/team/public/g-22173_120x120.png
Ballymena,https://cdn5.wyscout.com/photos/team/public/g5336_120x120.png
Baník Ostrava,https://cdn5.wyscout.com/photos/team/public/g5302_120x120.png
Barcelona,https://cdn5.wyscout.com/photos/team/public/g4324_120x120.png
Barcelona II,https://cdn5.wyscout.com/photos/team/public/g12756_120x120.png
Barry Buccaneers,https://cdn5.wyscout.com/photos/team/public/g-18578_120x120.png
Basel,https://cdn5.wyscout.com/photos/team/public/g14840_120x120.png
Bay,https://cdn5.wyscout.com/photos/team/public/g-20988_120x120.png
Bayer Leverkusen,https://cdn5.wyscout.com/photos/team/public/g5199_120x120.png
Bayern München,https://cdn5.wyscout.com/photos/team/public/g4417_120x120.png
Bayern München II,https://cdn5.wyscout.com/photos/team/public/g8592_120x120.png
Beijing Beikong,https://cdn5.wyscout.com/photos/team/public/g-12773_120x120.png
Belgium,https://cdn5.wyscout.com/photos/team/public/g4101_120x120.png
Bentleigh Greens,https://cdn5.wyscout.com/photos/team/public/g-21488_120x120.png
Bentleigh Greens U20,https://cdn5.wyscout.com/photos/team/public/g-21554_120x120.png
Bentley Falcons,https://cdn5.wyscout.com/photos/team/public/g-15332_120x120.png
Beşiktaş,https://cdn5.wyscout.com/photos/team/public/g37959_120x120.png
Billericay Town,https://cdn5.wyscout.com/photos/team/public/g20450_120x120.png
Birkirkara,https://cdn5.wyscout.com/photos/team/public/g5683_120x120.png
Birmingham City,https://cdn5.wyscout.com/photos/team/public/g5242_120x120.png
Birmingham City U21,https://cdn5.wyscout.com/photos/team/public/g-13077_120x120.png
Blackburn Rovers,https://cdn5.wyscout.com/photos/team/public/g5263_120x120.png
Blackburn Rovers U21,https://cdn5.wyscout.com/photos/team/public/g-20187_120x120.png
Blacktown Spartans,https://cdn5.wyscout.com/photos/team/public/g33831_120x120.png
Boca Juniors,https://cdn5.wyscout.com/photos/team/public/g16938_120x120.png
Bochum,https://cdn5.wyscout.com/photos/team/public/g15843_120x120.png
Bodø / Glimt,https://cdn5.wyscout.com/photos/team/public/g-20803_120x120.png
Bohemian FC,https://cdn5.wyscout.com/photos/team/public/g-12663_120x120.png
Bohemians WFC,https://cdn5.wyscout.com/photos/team/public/g-12663_120x120.png
Bollstanäs,https://cdn5.wyscout.com/photos/team/public/g5214_120x120.png
Bologna,https://cdn5.wyscout.com/photos/team/public/g34990_120x120.png
Bordeaux,https://cdn5.wyscout.com/photos/team/public/g9053_120x120.png
Boroondara-Carey,https://cdn5.wyscout.com/photos/team/public/g27339_120x120.png
Boroondara-Carey Eagles U20,https://cdn5.wyscout.com/photos/team/public/g-21553_120x120.png
Boroughmuir Thistle,https://cdn5.wyscout.com/photos/team/public/g11461_120x120.png
Borussia M'gladbach,https://cdn5.wyscout.com/photos/team/public/g13689_120x120.png
Boston Terriers,https://cdn5.wyscout.com/photos/team/public/g-7890_120x120.png
Botafogo,https://cdn5.wyscout.com/photos/team/public/g25792_120x120.png
Box Hill United,https://cdn5.wyscout.com/photos/team/public/g27333_120x120.png
Box Hill United U20,https://cdn5.wyscout.com/photos/team/public/g-21557_120x120.png
Boyacá Chicó,https://cdn5.wyscout.com/photos/team/public/g-17561_120x120.png
Brann,https://cdn5.wyscout.com/photos/team/public/g-15245_120x120.png
Breidablik,https://cdn5.wyscout.com/photos/team/public/g5313_120x120.png
Breidablik / Augnablik U17,https://cdn5.wyscout.com/photos/team/public/g-16228_120x120.png
Brighton & Hove Albion,https://cdn5.wyscout.com/photos/team/public/g5251_120x120.png
Brighton & Hove Albion U21,https://cdn5.wyscout.com/photos/team/public/g-13064_120x120.png
Brisbane City,https://cdn5.wyscout.com/photos/team/public/g-18014_120x120.png
Brisbane Roar,https://cdn5.wyscout.com/photos/team/public/g12647_120x120.png
Bristol City,https://cdn5.wyscout.com/photos/team/public/g5244_120x120.png
Bristol City U21,https://cdn5.wyscout.com/photos/team/public/g-13065_120x120.png
Broadbeach United,https://cdn5.wyscout.com/photos/team/public/g39110_120x120.png
Brommapojkarna,https://cdn5.wyscout.com/photos/team/public/g8575_120x120.png
Bromölla ,https://cdn5.wyscout.com/photos/team/public/g-15345_120x120.png
Brooklyn,https://cdn5.wyscout.com/photos/team/public/g-21858_120x120.png
Brunswick Juventus,https://cdn5.wyscout.com/photos/team/public/g36275_120x120.png
Brunswick Juventus U20,https://cdn5.wyscout.com/photos/team/public/g-21550_120x120.png
Brøndby,https://cdn5.wyscout.com/photos/team/public/g5327_120x120.png
Brøndby IF U19,https://cdn5.wyscout.com/photos/team/public/g-19603_120x120.png
Bulleen Lions,https://cdn5.wyscout.com/photos/team/public/g27343_120x120.png
Bulleen Lions U20,https://cdn5.wyscout.com/photos/team/public/g-21555_120x120.png
Bulls Academy,https://cdn5.wyscout.com/photos/team/public/g-18952_120x120.png
Bunnies Gunma White Star,https://cdn5.wyscout.com/photos/team/public/g-14187_120x120.png
Bunnys Gunma White Star,https://cdn5.wyscout.com/photos/team/public/g-14187_120x120.png
Burnley,https://cdn5.wyscout.com/photos/team/public/g40920_120x120.png
CD Getafe,https://cdn5.wyscout.com/photos/team/public/g-20586_120x120.png
CMSV Dolphins,https://cdn5.wyscout.com/photos/team/public/g-19927_120x120.png
CSKA Moskva,https://cdn5.wyscout.com/photos/team/public/g28105_120x120.png
CSU Bakersfield Roadrunners,https://cdn5.wyscout.com/photos/team/public/g-7965_120x120.png
Cacereño,https://cdn5.wyscout.com/photos/team/public/g-19726_120x120.png
Cacereño II,https://cdn5.wyscout.com/photos/team/public/g-20589_120x120.png
Cal State San Marcos Cougars,https://cdn5.wyscout.com/photos/team/public/g-18559_120x120.png
Calder United,https://cdn5.wyscout.com/photos/team/public/g35949_120x120.png
Calder United U20,https://cdn5.wyscout.com/photos/team/public/g-21556_120x120.png
Calgary Wild ,https://cdn5.wyscout.com/photos/team/public/g-23338_120x120.png
Canberra United,https://cdn5.wyscout.com/photos/team/public/g12649_120x120.png
Canterbury United Pride,https://cdn5.wyscout.com/photos/team/public/g38102_120x120.png
Capalaba,https://cdn5.wyscout.com/photos/team/public/g33659_120x120.png
Carl Zeiss Jena,https://cdn5.wyscout.com/photos/team/public/g-14360_120x120.png
Carolina Ascent FC,https://cdn5.wyscout.com/photos/team/public/g-21798_120x120.png
Carolina Bruins,https://cdn5.wyscout.com/photos/team/public/g-16865_120x120.png
Ceará,https://cdn5.wyscout.com/photos/team/public/g-10749_120x120.png
Celtic,https://cdn5.wyscout.com/photos/team/public/g5415_120x120.png
Central Coast Mariners,https://cdn5.wyscout.com/photos/team/public/g12646_120x120.png
Central Football,https://cdn5.wyscout.com/photos/team/public/g35160_120x120.png
Cerezo Osaka,https://cdn5.wyscout.com/photos/team/public/g24145_120x120.png
Changchun Dazhong,https://cdn5.wyscout.com/photos/team/public/g19391_120x120.png
Charleroi,https://cdn5.wyscout.com/photos/team/public/g13826_120x120.png
Charleroi II,https://cdn5.wyscout.com/photos/team/public/g-20043_120x120.png
Charlton Athletic,https://cdn5.wyscout.com/photos/team/public/g5245_120x120.png
Charlton Athletic U21,https://cdn5.wyscout.com/photos/team/public/g-20177_120x120.png
Chelsea,https://cdn5.wyscout.com/photos/team/public/g5273_120x120.png
Chelsea Soccer School,https://cdn5.wyscout.com/photos/team/public/g-17162_120x120.png
Chelsea Women U21,https://cdn5.wyscout.com/photos/team/public/g-13066_120x120.png
Chertanovo,https://cdn5.wyscout.com/photos/team/public/g6098_120x120.png
Chertanovo Youth,https://cdn5.wyscout.com/photos/team/public/g-14155_120x120.png
Chicago Red Stars,https://cdn5.wyscout.com/photos/team/public/g12979_120x120.png
Chicago Stars,https://cdn5.wyscout.com/photos/team/public/g12979_120x120.png
Chievo Verona,https://cdn5.wyscout.com/photos/team/public/g12656_120x120.png
Chongqing Yongchuan,https://cdn5.wyscout.com/photos/team/public/g-17626_120x120.png
Clermont,https://cdn5.wyscout.com/photos/team/public/g32630_120x120.png
Cliftonville,https://cdn5.wyscout.com/photos/team/public/g5338_120x120.png
Club Brugge,https://cdn5.wyscout.com/photos/team/public/g7013_120x120.png
Coastal Carolina Chanticleers,https://cdn5.wyscout.com/photos/team/public/g-7952_120x120.png
Colo Colo,https://cdn5.wyscout.com/photos/team/public/g20301_120x120.png
Como,https://cdn5.wyscout.com/photos/team/public/g-15218_120x120.png
Corinthians,https://cdn5.wyscout.com/photos/team/public/g35478_120x120.png
Cork City ,https://cdn5.wyscout.com/photos/team/public/g20689_120x120.png
Cork City Women,https://cdn5.wyscout.com/photos/team/public/g20689_120x120.png
Cortuluá,https://cdn5.wyscout.com/photos/team/public/g38640_120x120.png
Crusaders Strikers,https://cdn5.wyscout.com/photos/team/public/g13279_120x120.png
Cruz Azul,https://cdn5.wyscout.com/photos/team/public/g-8723_120x120.png
Cruzeiro,https://cdn5.wyscout.com/photos/team/public/g-10750_120x120.png
Crystal Palace,https://cdn5.wyscout.com/photos/team/public/g5253_120x120.png
Czarni Sosnowiec,https://cdn5.wyscout.com/photos/team/public/g5626_120x120.png
Cúcuta Deportivo,https://cdn5.wyscout.com/photos/team/public/g38695_120x120.png
DBK Fortuna Hjørring U16,https://cdn5.wyscout.com/photos/team/public/g-16893_120x120.png
DC Power,https://cdn5.wyscout.com/photos/team/public/g-21857_120x120.png
DLR Waves,https://cdn5.wyscout.com/photos/team/public/g22473_120x120.png
DLR Waves ,https://cdn5.wyscout.com/photos/team/public/g22473_120x120.png
Dallas Trinity,https://cdn5.wyscout.com/photos/team/public/g-21563_120x120.png
Damaiense,https://cdn5.wyscout.com/photos/team/public/g-12892_120x120.png
Deportes Tolima,https://cdn5.wyscout.com/photos/team/public/g-15493_120x120.png
Deportivo Alavés,https://cdn5.wyscout.com/photos/team/public/g-12213_120x120.png
Deportivo Cali,https://cdn5.wyscout.com/photos/team/public/g-14866_120x120.png
Deportivo Pasto,https://cdn5.wyscout.com/photos/team/public/g38632_120x120.png
Deportivo Pereira,https://cdn5.wyscout.com/photos/team/public/g38655_120x120.png
Deportivo de La Coruña,https://cdn5.wyscout.com/photos/team/public/g37392_120x120.png
Derry City,https://cdn5.wyscout.com/photos/team/public/g5339_120x120.png
Dijon,https://cdn5.wyscout.com/photos/team/public/g16384_120x120.png
Dinamo Moskva,https://cdn5.wyscout.com/photos/team/public/g-17962_120x120.png
Djurgården,https://cdn5.wyscout.com/photos/team/public/g4429_120x120.png
Dnipro-1,https://cdn5.wyscout.com/photos/team/public/g-16858_120x120.png
Douglas Hall,https://cdn5.wyscout.com/photos/team/public/g-16408_120x120.png
Dragonas IDV,https://cdn5.wyscout.com/photos/team/public/g-17091_120x120.png
Duisburg,https://cdn5.wyscout.com/photos/team/public/g4418_120x120.png
Dundee United,https://cdn5.wyscout.com/photos/team/public/g11460_120x120.png
Durham,https://cdn5.wyscout.com/photos/team/public/g27379_120x120.png
Durham U21,https://cdn5.wyscout.com/photos/team/public/g-16863_120x120.png
Durham Women U23s Women,https://cdn5.wyscout.com/photos/team/public/g-14697_120x120.png
Dynamo Kyiv,https://cdn5.wyscout.com/photos/team/public/g-16859_120x120.png
East Fife,https://cdn5.wyscout.com/photos/team/public/g23931_120x120.png
Eastern Suburbs,https://cdn5.wyscout.com/photos/team/public/g-16977_120x120.png
Eendracht Aalst,https://cdn5.wyscout.com/photos/team/public/g5352_120x120.png
Ehime,https://cdn5.wyscout.com/photos/team/public/g21449_120x120.png
Eibar,https://cdn5.wyscout.com/photos/team/public/g14081_120x120.png
Eintracht Frankfurt,https://cdn5.wyscout.com/photos/team/public/g21861_120x120.png
Eintracht Frankfurt II,https://cdn5.wyscout.com/photos/team/public/g-14903_120x120.png
Elfen Saitama,https://cdn5.wyscout.com/photos/team/public/g5462_120x120.png
Elfsborg,https://cdn5.wyscout.com/photos/team/public/g-23301_120x120.png
Ellerslie,https://cdn5.wyscout.com/photos/team/public/g-20318_120x120.png
Emerging Jets,https://cdn5.wyscout.com/photos/team/public/g36286_120x120.png
Empire,https://cdn5.wyscout.com/photos/team/public/g-22848_120x120.png
Enisey,https://cdn5.wyscout.com/photos/team/public/g23827_120x120.png
Enisey Youth,https://cdn5.wyscout.com/photos/team/public/g-14162_120x120.png
Enskede,https://cdn5.wyscout.com/photos/team/public/g6107_120x120.png
Eskilsminne,https://cdn5.wyscout.com/photos/team/public/g25236_120x120.png
Eskilstuna United,https://cdn5.wyscout.com/photos/team/public/g5211_120x120.png
Espanyol,https://cdn5.wyscout.com/photos/team/public/g4326_120x120.png
Espanyol II,https://cdn5.wyscout.com/photos/team/public/g12755_120x120.png
Essendon Royals,https://cdn5.wyscout.com/photos/team/public/g-21489_120x120.png
Estoril Praia,https://cdn5.wyscout.com/photos/team/public/g35397_120x120.png
Europa,https://cdn5.wyscout.com/photos/team/public/g12760_120x120.png
Everton,https://cdn5.wyscout.com/photos/team/public/g5247_120x120.png
Excelsior,https://cdn5.wyscout.com/photos/team/public/g39591_120x120.png
Excelsior Barendrecht,https://cdn5.wyscout.com/photos/team/public/g39591_120x120.png
FAU Owls,https://cdn5.wyscout.com/photos/team/public/g-7792_120x120.png
FC Juárez,https://cdn5.wyscout.com/photos/team/public/g-10491_120x120.png
FC Praha,https://cdn5.wyscout.com/photos/team/public/g-21843_120x120.png
FGCU Eagles,https://cdn5.wyscout.com/photos/team/public/g-7679_120x120.png
FH,https://cdn5.wyscout.com/photos/team/public/g5314_120x120.png
FIU Panthers,https://cdn5.wyscout.com/photos/team/public/g-7800_120x120.png
FQ QAS,https://cdn5.wyscout.com/photos/team/public/g-17586_120x120.png
FV Emerging,https://cdn5.wyscout.com/photos/team/public/g32905_120x120.png
Falkirk Ladies,https://cdn5.wyscout.com/photos/team/public/g12438_120x120.png
Famalicão,https://cdn5.wyscout.com/photos/team/public/g-12896_120x120.png
Ferroviária,https://cdn5.wyscout.com/photos/team/public/g15064_120x120.png
Feyenoord,https://cdn5.wyscout.com/photos/team/public/g-14305_120x120.png
Fiorentina,https://cdn5.wyscout.com/photos/team/public/g7125_120x120.png
Fjardab/Leiknir/Höttur,https://cdn5.wyscout.com/photos/team/public/g36304_120x120.png
Flamengo,https://cdn5.wyscout.com/photos/team/public/g29361_120x120.png
Flamengo U20,https://cdn5.wyscout.com/photos/team/public/g-17568_120x120.png
Fleury 91,https://cdn5.wyscout.com/photos/team/public/g39850_120x120.png
Fluminense,https://cdn5.wyscout.com/photos/team/public/g-10751_120x120.png
Football NSW Institute,https://cdn5.wyscout.com/photos/team/public/g35755_120x120.png
Fordham Rams,https://cdn5.wyscout.com/photos/team/public/g-7689_120x120.png
Forfar Athletic,https://cdn5.wyscout.com/photos/team/public/g1925_120x120.png
Forstern,https://cdn5.wyscout.com/photos/team/public/g-8943_120x120.png
Fort Lauderdale,https://cdn5.wyscout.com/photos/team/public/g-21033_120x120.png
Fortaleza,https://cdn5.wyscout.com/photos/team/public/g-12418_120x120.png
Fortuna Hjørring,https://cdn5.wyscout.com/photos/team/public/g5328_120x120.png
Fortuna Hjørring U18,https://cdn5.wyscout.com/photos/team/public/g-16871_120x120.png
Fortuna Hjørring U19,https://cdn5.wyscout.com/photos/team/public/g-19605_120x120.png
Fortuna Sittard,https://cdn5.wyscout.com/photos/team/public/g-16911_120x120.png
Fortuna Ålesund,https://cdn5.wyscout.com/photos/team/public/g5234_120x120.png
Fram,https://cdn5.wyscout.com/photos/team/public/g15054_120x120.png
Franklin Pierce Ravens,https://cdn5.wyscout.com/photos/team/public/g-17811_120x120.png
Freedom,https://cdn5.wyscout.com/photos/team/public/g-20170_120x120.png
Freemantle City,https://cdn5.wyscout.com/photos/team/public/g35856_120x120.png
Freiburg,https://cdn5.wyscout.com/photos/team/public/g4424_120x120.png
Freiburg II,https://cdn5.wyscout.com/photos/team/public/g16331_120x120.png
Fremantle City,https://cdn5.wyscout.com/photos/team/public/g35856_120x120.png
Fundación Albacete,https://cdn5.wyscout.com/photos/team/public/g12794_120x120.png
Fundación Tenerife,https://cdn5.wyscout.com/photos/team/public/g-17274_120x120.png
Fylkir,https://cdn5.wyscout.com/photos/team/public/g6110_120x120.png
Fyllingsdalen,https://cdn5.wyscout.com/photos/team/public/g33154_120x120.png
Galatasaray,https://cdn5.wyscout.com/photos/team/public/g-22592_120x120.png
Galway United,https://cdn5.wyscout.com/photos/team/public/g25013_120x120.png
Galway WFC,https://cdn5.wyscout.com/photos/team/public/g25013_120x120.png
Gamla Upsala,https://cdn5.wyscout.com/photos/team/public/g7795_120x120.png
Gartcairn,https://cdn5.wyscout.com/photos/team/public/g-16713_120x120.png
Genoa,https://cdn5.wyscout.com/photos/team/public/g-9501_120x120.png
Gent,https://cdn5.wyscout.com/photos/team/public/g9405_120x120.png
Gençlik ve Spor,https://cdn5.wyscout.com/photos/team/public/g20697_120x120.png
Gil Vicente,https://cdn5.wyscout.com/photos/team/public/g-12898_120x120.png
Gladesville Ravens,https://cdn5.wyscout.com/photos/team/public/g35853_120x120.png
Glasgow City,https://cdn5.wyscout.com/photos/team/public/g5392_120x120.png
Glasgow Women,https://cdn5.wyscout.com/photos/team/public/g24149_120x120.png
Glentoran BU,https://cdn5.wyscout.com/photos/team/public/g5337_120x120.png
Gloria Bistrița‑Năsăud,https://cdn5.wyscout.com/photos/team/public/g-22988_120x120.png
Gnistan,https://cdn5.wyscout.com/photos/team/public/g6539_120x120.png
Gold Coast Knights,https://cdn5.wyscout.com/photos/team/public/g-20953_120x120.png
Gold Coast United,https://cdn5.wyscout.com/photos/team/public/g-17584_120x120.png
Gotham,https://cdn5.wyscout.com/photos/team/public/g8090_120x120.png
Grace Citizen,https://cdn5.wyscout.com/photos/team/public/g-17157_120x120.png
Grambling Tigers,https://cdn5.wyscout.com/photos/team/public/g-7948_120x120.png
Granada,https://cdn5.wyscout.com/photos/team/public/g12783_120x120.png
Grange Thistle,https://cdn5.wyscout.com/photos/team/public/g-23180_120x120.png
Grasshopper,https://cdn5.wyscout.com/photos/team/public/g5411_120x120.png
Grei,https://cdn5.wyscout.com/photos/team/public/g7476_120x120.png
Grindavík,https://cdn5.wyscout.com/photos/team/public/g7218_120x120.png
Grêmio,https://cdn5.wyscout.com/photos/team/public/g38462_120x120.png
Grótta,https://cdn5.wyscout.com/photos/team/public/g35891_120x120.png
Guadalajara,https://cdn5.wyscout.com/photos/team/public/g-8733_120x120.png
Guangdong Meizhou,https://cdn5.wyscout.com/photos/team/public/g-12776_120x120.png
Guangxi Pingguo Bainong,https://cdn5.wyscout.com/photos/team/public/g-17625_120x120.png
Guingamp,https://cdn5.wyscout.com/photos/team/public/g5300_120x120.png
Gwalia United,https://cdn5.wyscout.com/photos/team/public/g5252_120x120.png
Gyeongju,https://cdn5.wyscout.com/photos/team/public/g38613_120x120.png
Górnik Łęczna,https://cdn5.wyscout.com/photos/team/public/g12338_120x120.png
Gütersloh,https://cdn5.wyscout.com/photos/team/public/g5185_120x120.png
HB Køge,https://cdn5.wyscout.com/photos/team/public/g-12678_120x120.png
HB Køge U19,https://cdn5.wyscout.com/photos/team/public/g-19606_120x120.png
HJK,https://cdn5.wyscout.com/photos/team/public/g3398_120x120.png
HKFC,https://cdn5.wyscout.com/photos/team/public/g-17161_120x120.png
HPS,https://cdn5.wyscout.com/photos/team/public/g38229_120x120.png
Hainan Qiongzhong,https://cdn5.wyscout.com/photos/team/public/g-17631_120x120.png
Hainan Qiongzhong U14,https://cdn5.wyscout.com/photos/team/public/g-20793_120x120.png
Halifax Tides,https://cdn5.wyscout.com/photos/team/public/g-23339_120x120.png
HamKam,https://cdn5.wyscout.com/photos/team/public/g-19010_120x120.png
Hamburger SV,https://cdn5.wyscout.com/photos/team/public/g4422_120x120.png
Hamilton Academical,https://cdn5.wyscout.com/photos/team/public/g5418_120x120.png
Hammarby,https://cdn5.wyscout.com/photos/team/public/g4430_120x120.png
Harima,https://cdn5.wyscout.com/photos/team/public/g27456_120x120.png
Hashtag United,https://cdn5.wyscout.com/photos/team/public/g20446_120x120.png
Haugesund,https://cdn5.wyscout.com/photos/team/public/g-23191_120x120.png
Heart of Midlothian,https://cdn5.wyscout.com/photos/team/public/g13564_120x120.png
Heerenveen,https://cdn5.wyscout.com/photos/team/public/g8579_120x120.png
Heidelberg United,https://cdn5.wyscout.com/photos/team/public/g27335_120x120.png
Heidelberg United U20,https://cdn5.wyscout.com/photos/team/public/g-21551_120x120.png
Henan FC,https://cdn5.wyscout.com/photos/team/public/g-12775_120x120.png
Henan Jianye,https://cdn5.wyscout.com/photos/team/public/g-12775_120x120.png
Henan Songshan Longmen,https://cdn5.wyscout.com/photos/team/public/g-23439_120x120.png
Hibernian,https://cdn5.wyscout.com/photos/team/public/g5372_120x120.png
High Point Panthers,https://cdn5.wyscout.com/photos/team/public/g-7748_120x120.png
Hoffenheim,https://cdn5.wyscout.com/photos/team/public/g11292_120x120.png
Hoffenheim II,https://cdn5.wyscout.com/photos/team/public/g21859_120x120.png
Hofstra Pride,https://cdn5.wyscout.com/photos/team/public/g-7780_120x120.png
Honka,https://cdn5.wyscout.com/photos/team/public/g3401_120x120.png
Horní Heršpice,https://cdn5.wyscout.com/photos/team/public/g15775_120x120.png
Houston Dash,https://cdn5.wyscout.com/photos/team/public/g27212_120x120.png
Häcken,https://cdn5.wyscout.com/photos/team/public/g4432_120x120.png
Häcken II,https://cdn5.wyscout.com/photos/team/public/g-17747_120x120.png
Hønefoss,https://cdn5.wyscout.com/photos/team/public/g-17698_120x120.png
INAC Kobe Leonessa,https://cdn5.wyscout.com/photos/team/public/g5463_120x120.png
Iecava,https://cdn5.wyscout.com/photos/team/public/g-18246_120x120.png
Iecava / Olaine,https://cdn5.wyscout.com/photos/team/public/g-23616_120x120.png
Iga Kunoichi,https://cdn5.wyscout.com/photos/team/public/g5453_120x120.png
Illawarra Stingrays,https://cdn5.wyscout.com/photos/team/public/g34979_120x120.png
Ilves,https://cdn5.wyscout.com/photos/team/public/g3403_120x120.png
Independiente Medellin,https://cdn5.wyscout.com/photos/team/public/g-11336_120x120.png
Ingolstadt,https://cdn5.wyscout.com/photos/team/public/g28957_120x120.png
Inter Women,https://cdn5.wyscout.com/photos/team/public/g16616_120x120.png
Internacional Palmira,https://cdn5.wyscout.com/photos/team/public/g-20982_120x120.png
Internacional RS,https://cdn5.wyscout.com/photos/team/public/g-9840_120x120.png
Ipswich Knights,https://cdn5.wyscout.com/photos/team/public/g34044_120x120.png
Ipswich Town,https://cdn5.wyscout.com/photos/team/public/g7760_120x120.png
JEF United,https://cdn5.wyscout.com/photos/team/public/g5464_120x120.png
Jiangsu Suning U14,https://cdn5.wyscout.com/photos/team/public/g-21107_120x120.png
Jiangsu Wuxi,https://cdn5.wyscout.com/photos/team/public/g-11601_120x120.png
Jitex,https://cdn5.wyscout.com/photos/team/public/g5216_120x120.png
Junior,https://cdn5.wyscout.com/photos/team/public/g-15494_120x120.png
Juventude,https://cdn5.wyscout.com/photos/team/public/g-23485_120x120.png
Juventus,https://cdn5.wyscout.com/photos/team/public/g40020_120x120.png
JyPK,https://cdn5.wyscout.com/photos/team/public/g6384_120x120.png
KC Current,https://cdn5.wyscout.com/photos/team/public/g-14009_120x120.png
KIF Örebro,https://cdn5.wyscout.com/photos/team/public/g4431_120x120.png
KIL / Hemne,https://cdn5.wyscout.com/photos/team/public/g35797_120x120.png
Kalmar,https://cdn5.wyscout.com/photos/team/public/g5227_120x120.png
Kamogawa,https://cdn5.wyscout.com/photos/team/public/g38232_120x120.png
Katowice,https://cdn5.wyscout.com/photos/team/public/g39796_120x120.png
Keflavík,https://cdn5.wyscout.com/photos/team/public/g5317_120x120.png
Keiser Seahawks,https://cdn5.wyscout.com/photos/team/public/g-20012_120x120.png
Keski-Uusimaa,https://cdn5.wyscout.com/photos/team/public/g24118_120x120.png
Kilmarnock,https://cdn5.wyscout.com/photos/team/public/g5419_120x120.png
Kindermann-Avaí,https://cdn5.wyscout.com/photos/team/public/g24275_120x120.png
Kitchee,https://cdn5.wyscout.com/photos/team/public/g-17160_120x120.png
Kolbotn,https://cdn5.wyscout.com/photos/team/public/g4414_120x120.png
Kolding IF,https://cdn5.wyscout.com/photos/team/public/g8708_120x120.png
Kolding IF U19,https://cdn5.wyscout.com/photos/team/public/g-19607_120x120.png
Kolos Kovalivka,https://cdn5.wyscout.com/photos/team/public/g-14219_120x120.png
Krasnodar,https://cdn5.wyscout.com/photos/team/public/g-12679_120x120.png
Krasnodar Youth,https://cdn5.wyscout.com/photos/team/public/g-14161_120x120.png
Kristianstad,https://cdn5.wyscout.com/photos/team/public/g5219_120x120.png
Krylya Sovetov,https://cdn5.wyscout.com/photos/team/public/g18950_120x120.png
Kryvbas,https://cdn5.wyscout.com/photos/team/public/g-14220_120x120.png
KuPS,https://cdn5.wyscout.com/photos/team/public/g-11940_120x120.png
Köln,https://cdn5.wyscout.com/photos/team/public/g14242_120x120.png
Köln II,https://cdn5.wyscout.com/photos/team/public/g19443_120x120.png
LASK Linz,https://cdn5.wyscout.com/photos/team/public/g6970_120x120.png
LCFC Women,https://cdn5.wyscout.com/photos/team/public/g9525_120x120.png
LSU Tigers,https://cdn5.wyscout.com/photos/team/public/g-7911_120x120.png
La Equidad,https://cdn5.wyscout.com/photos/team/public/g38633_120x120.png
Ladies Genk,https://cdn5.wyscout.com/photos/team/public/g34238_120x120.png
Ladomir,https://cdn5.wyscout.com/photos/team/public/g39856_120x120.png
Larne,https://cdn5.wyscout.com/photos/team/public/g15077_120x120.png
Lazio,https://cdn5.wyscout.com/photos/team/public/g12659_120x120.png
Le Havre,https://cdn5.wyscout.com/photos/team/public/g-9116_120x120.png
Le Havre U16,https://cdn5.wyscout.com/photos/team/public/g-16837_120x120.png
Le Mans,https://cdn5.wyscout.com/photos/team/public/g5764_120x120.png
Lecce,https://cdn5.wyscout.com/photos/team/public/g9568_120x120.png
Leicester City WFC,https://cdn5.wyscout.com/photos/team/public/g9525_120x120.png
Leicester City Women U21,https://cdn5.wyscout.com/photos/team/public/g-14695_120x120.png
Lens,https://cdn5.wyscout.com/photos/team/public/g-15127_120x120.png
Levante,https://cdn5.wyscout.com/photos/team/public/g4329_120x120.png
Levante Badalona,https://cdn5.wyscout.com/photos/team/public/g12759_120x120.png
Levante II,https://cdn5.wyscout.com/photos/team/public/g12796_120x120.png
Levante Las Planas,https://cdn5.wyscout.com/photos/team/public/g12759_120x120.png
Lewes,https://cdn5.wyscout.com/photos/team/public/g9541_120x120.png
Lexington,https://cdn5.wyscout.com/photos/team/public/g-18530_120x120.png
León,https://cdn5.wyscout.com/photos/team/public/g-8734_120x120.png
Liaoning Shenbei Hefeng,https://cdn5.wyscout.com/photos/team/public/g-21014_120x120.png
Libertad,https://cdn5.wyscout.com/photos/team/public/g-22550_120x120.png
Lidköping,https://cdn5.wyscout.com/photos/team/public/g25235_120x120.png
Liepājas FS,https://cdn5.wyscout.com/photos/team/public/g-18247_120x120.png
Lille,https://cdn5.wyscout.com/photos/team/public/g14559_120x120.png
Lillestrøm,https://cdn5.wyscout.com/photos/team/public/g4409_120x120.png
Linfield,https://cdn5.wyscout.com/photos/team/public/g10713_120x120.png
Linköping,https://cdn5.wyscout.com/photos/team/public/g4433_120x120.png
Lions,https://cdn5.wyscout.com/photos/team/public/g-17587_120x120.png
Lisburn,https://cdn5.wyscout.com/photos/team/public/g16157_120x120.png
Lisburn Rangers,https://cdn5.wyscout.com/photos/team/public/g-21175_120x120.png
Liverpool,https://cdn5.wyscout.com/photos/team/public/g5250_120x120.png
Liverpool Women U21,https://cdn5.wyscout.com/photos/team/public/g-13069_120x120.png
Livingston,https://cdn5.wyscout.com/photos/team/public/g-19154_120x120.png
Llaneros,https://cdn5.wyscout.com/photos/team/public/g-15492_120x120.png
Logan Lightning,https://cdn5.wyscout.com/photos/team/public/g33719_120x120.png
Logroño,https://cdn5.wyscout.com/photos/team/public/g22275_120x120.png
Lokomotiv Moskva,https://cdn5.wyscout.com/photos/team/public/g-8534_120x120.png
Lokomotiv Moskva Youth,https://cdn5.wyscout.com/photos/team/public/g-14157_120x120.png
London City Lionesses,https://cdn5.wyscout.com/photos/team/public/g5255_120x120.png
London City Lionesses U21,https://cdn5.wyscout.com/photos/team/public/g-20176_120x120.png
Lustenau / Austria,https://cdn5.wyscout.com/photos/team/public/g22270_120x120.png
Luzern,https://cdn5.wyscout.com/photos/team/public/g19305_120x120.png
Lyn,https://cdn5.wyscout.com/photos/team/public/g23835_120x120.png
Macarthur Rams,https://cdn5.wyscout.com/photos/team/public/g33573_120x120.png
Maccabi Kiryat Gat,https://cdn5.wyscout.com/photos/team/public/g18653_120x120.png
Madrid CF,https://cdn5.wyscout.com/photos/team/public/g25229_120x120.png
Madrid CFF,https://cdn5.wyscout.com/photos/team/public/g25229_120x120.png
Madrid II,https://cdn5.wyscout.com/photos/team/public/g40130_120x120.png
Maine Blackbears,https://cdn5.wyscout.com/photos/team/public/g-7655_120x120.png
Mainz 05,https://cdn5.wyscout.com/photos/team/public/g-20664_120x120.png
Mallbacken,https://cdn5.wyscout.com/photos/team/public/g4434_120x120.png
Malmö FF,https://cdn5.wyscout.com/photos/team/public/g-20851_120x120.png
Manchester City,https://cdn5.wyscout.com/photos/team/public/g5266_120x120.png
Manchester City U18,https://cdn5.wyscout.com/photos/team/public/g-16716_120x120.png
Manchester United,https://cdn5.wyscout.com/photos/team/public/g-9076_120x120.png
Manly United,https://cdn5.wyscout.com/photos/team/public/g33574_120x120.png
Mariupolchanka,https://cdn5.wyscout.com/photos/team/public/g-12726_120x120.png
Marshall Thundering Herd,https://cdn5.wyscout.com/photos/team/public/g-7797_120x120.png
Marília,https://cdn5.wyscout.com/photos/team/public/g15065_120x120.png
Marítimo,https://cdn5.wyscout.com/photos/team/public/g-9284_120x120.png
Mazatlán,https://cdn5.wyscout.com/photos/team/public/g-12713_120x120.png
Mechelen,https://cdn5.wyscout.com/photos/team/public/g20202_120x120.png
Medkila,https://cdn5.wyscout.com/photos/team/public/g5237_120x120.png
Medyk Konin,https://cdn5.wyscout.com/photos/team/public/g5627_120x120.png
Melbourne City,https://cdn5.wyscout.com/photos/team/public/g33657_120x120.png
Melbourne Victory,https://cdn5.wyscout.com/photos/team/public/g12645_120x120.png
Meppen,https://cdn5.wyscout.com/photos/team/public/g19151_120x120.png
Metalist 1925 Kharkiv,https://cdn5.wyscout.com/photos/team/public/g18997_120x120.png
Metta,https://cdn5.wyscout.com/photos/team/public/g-18248_120x120.png
Metz,https://cdn5.wyscout.com/photos/team/public/g28833_120x120.png
Mid-Ulster,https://cdn5.wyscout.com/photos/team/public/g10712_120x120.png
Midtjylland,https://cdn5.wyscout.com/photos/team/public/g-23210_120x120.png
Millonarios,https://cdn5.wyscout.com/photos/team/public/g-15491_120x120.png
Minas ICESP,https://cdn5.wyscout.com/photos/team/public/g-9841_120x120.png
Minsk,https://cdn5.wyscout.com/photos/team/public/g15021_120x120.png
Missouri Valley Vikings ,https://cdn5.wyscout.com/photos/team/public/g33072_120x120.png
Mitchelton,https://cdn5.wyscout.com/photos/team/public/g33658_120x120.png
Molde,https://cdn5.wyscout.com/photos/team/public/g35796_120x120.png
Montauban,https://cdn5.wyscout.com/photos/team/public/g32625_120x120.png
Monterrey,https://cdn5.wyscout.com/photos/team/public/g-8740_120x120.png
Montpellier,https://cdn5.wyscout.com/photos/team/public/g5277_120x120.png
Montpellier U16,https://cdn5.wyscout.com/photos/team/public/g-16831_120x120.png
Montrose,https://cdn5.wyscout.com/photos/team/public/g38362_120x120.png
Moreton City Excelsior,https://cdn5.wyscout.com/photos/team/public/g-20952_120x120.png
Motherwell,https://cdn5.wyscout.com/photos/team/public/g33570_120x120.png
Murdoch Uni Melville,https://cdn5.wyscout.com/photos/team/public/g-21137_120x120.png
Mynavi Sendai,https://cdn5.wyscout.com/photos/team/public/g21450_120x120.png
Málaga,https://cdn5.wyscout.com/photos/team/public/g11940_120x120.png
NGU Nagoya,https://cdn5.wyscout.com/photos/team/public/g-14183_120x120.png
NIF / HG,https://cdn5.wyscout.com/photos/team/public/g-18184_120x120.png
NTC U17,https://cdn5.wyscout.com/photos/team/public/g-21558_120x120.png
NTV Beleza,https://cdn5.wyscout.com/photos/team/public/g5454_120x120.png
Nagano Parceiro,https://cdn5.wyscout.com/photos/team/public/g15051_120x120.png
Nantes,https://cdn5.wyscout.com/photos/team/public/g32633_120x120.png
Napoli,https://cdn5.wyscout.com/photos/team/public/g12660_120x120.png
Nc Pro's FC,https://cdn5.wyscout.com/photos/team/public/g-9526_120x120.png
Necaxa,https://cdn5.wyscout.com/photos/team/public/g-8725_120x120.png
Newcastle Jets,https://cdn5.wyscout.com/photos/team/public/g12648_120x120.png
Newcastle United,https://cdn5.wyscout.com/photos/team/public/g5268_120x120.png
Nittaidai,https://cdn5.wyscout.com/photos/team/public/g15050_120x120.png
Nojima Stella,https://cdn5.wyscout.com/photos/team/public/g24147_120x120.png
Nordsjælland,https://cdn5.wyscout.com/photos/team/public/g-10553_120x120.png
Nordsjælland U19,https://cdn5.wyscout.com/photos/team/public/g-19604_120x120.png
Norrköping,https://cdn5.wyscout.com/photos/team/public/g13261_120x120.png
North Brisbane,https://cdn5.wyscout.com/photos/team/public/g-23527_120x120.png
North Carolina Courage,https://cdn5.wyscout.com/photos/team/public/g38335_120x120.png
North Carolina Heels,https://cdn5.wyscout.com/photos/team/public/g-7699_120x120.png
North Lakes United,https://cdn5.wyscout.com/photos/team/public/g-20951_120x120.png
Northern Tigers,https://cdn5.wyscout.com/photos/team/public/g35754_120x120.png
Nottingham Forest,https://cdn5.wyscout.com/photos/team/public/g5269_120x120.png
Nürnberg,https://cdn5.wyscout.com/photos/team/public/g14197_120x120.png
OB,https://cdn5.wyscout.com/photos/team/public/g5330_120x120.png
OH Leuven,https://cdn5.wyscout.com/photos/team/public/g5358_120x120.png
OL Reign,https://cdn5.wyscout.com/photos/team/public/g24153_120x120.png
ONS,https://cdn5.wyscout.com/photos/team/public/g6387_120x120.png
Obolon Kyiv,https://cdn5.wyscout.com/photos/team/public/g-21886_120x120.png
Odd,https://cdn5.wyscout.com/photos/team/public/g-19004_120x120.png
Oklahoma Christian Eagles,https://cdn5.wyscout.com/photos/team/public/g-18757_120x120.png
Olaine,https://cdn5.wyscout.com/photos/team/public/g-18249_120x120.png
Ole Miss Rebels,https://cdn5.wyscout.com/photos/team/public/g-7910_120x120.png
Olimpia,https://cdn5.wyscout.com/photos/team/public/g-17089_120x120.png
Olympic FC,https://cdn5.wyscout.com/photos/team/public/g33038_120x120.png
Olympique Lyonnais,https://cdn5.wyscout.com/photos/team/public/g5279_120x120.png
Olympique Marseille,https://cdn5.wyscout.com/photos/team/public/g26976_120x120.png
Omiya Ardija Ventus,https://cdn5.wyscout.com/photos/team/public/g-14595_120x120.png
Once Caldas,https://cdn5.wyscout.com/photos/team/public/g-23350_120x120.png
Orkla,https://cdn5.wyscout.com/photos/team/public/g10006_120x120.png
Orlando Pride,https://cdn5.wyscout.com/photos/team/public/g35889_120x120.png
Orsomarso,https://cdn5.wyscout.com/photos/team/public/g38656_120x120.png
Osasuna,https://cdn5.wyscout.com/photos/team/public/g14167_120x120.png
Ottawa Rapid,https://cdn5.wyscout.com/photos/team/public/g-22272_120x120.png
Ouriense,https://cdn5.wyscout.com/photos/team/public/g22425_120x120.png
Oxford United,https://cdn5.wyscout.com/photos/team/public/g20453_120x120.png
PEC Zwolle,https://cdn5.wyscout.com/photos/team/public/g15896_120x120.png
PK-35 Helsinki,https://cdn5.wyscout.com/photos/team/public/g35507_120x120.png
PK-35 Vantaa,https://cdn5.wyscout.com/photos/team/public/g10129_120x120.png
PSG,https://cdn5.wyscout.com/photos/team/public/g5286_120x120.png
PSG U16,https://cdn5.wyscout.com/photos/team/public/g-16830_120x120.png
PSV,https://cdn5.wyscout.com/photos/team/public/g21652_120x120.png
Pachuca,https://cdn5.wyscout.com/photos/team/public/g-8724_120x120.png
Palmeiras,https://cdn5.wyscout.com/photos/team/public/g15075_120x120.png
Pantery,https://cdn5.wyscout.com/photos/team/public/g36081_120x120.png
Paraguay U17,https://cdn5.wyscout.com/photos/team/public/g21085_120x120.png
Pardubice,https://cdn5.wyscout.com/photos/team/public/g9085_120x120.png
Paris,https://cdn5.wyscout.com/photos/team/public/g39849_120x120.png
Paris FC U16,https://cdn5.wyscout.com/photos/team/public/g-16829_120x120.png
Parma,https://cdn5.wyscout.com/photos/team/public/g-6391_120x120.png
Partick Thistle,https://cdn5.wyscout.com/photos/team/public/g33568_120x120.png
Peamount United,https://cdn5.wyscout.com/photos/team/public/g6003_120x120.png
Peninsula Power,https://cdn5.wyscout.com/photos/team/public/g32998_120x120.png
Perth,https://cdn5.wyscout.com/photos/team/public/g-21135_120x120.png
Perth Glory,https://cdn5.wyscout.com/photos/team/public/g12643_120x120.png
Perth RedStar,https://cdn5.wyscout.com/photos/team/public/g-21136_120x120.png
Piteå,https://cdn5.wyscout.com/photos/team/public/g6109_120x120.png
Plymouth Argyle,https://cdn5.wyscout.com/photos/team/public/g9552_120x120.png
Podillia,https://cdn5.wyscout.com/photos/team/public/g-12727_120x120.png
Pogoń Szczecin,https://cdn5.wyscout.com/photos/team/public/g19245_120x120.png
Pogoń Tczew,https://cdn5.wyscout.com/photos/team/public/g-18244_120x120.png
Polissya Zhytomyr,https://cdn5.wyscout.com/photos/team/public/g-21887_120x120.png
Pomigliano,https://cdn5.wyscout.com/photos/team/public/g-14418_120x120.png
Portland Thorns,https://cdn5.wyscout.com/photos/team/public/g24152_120x120.png
Portsmouth,https://cdn5.wyscout.com/photos/team/public/g5256_120x120.png
Preston Lions,https://cdn5.wyscout.com/photos/team/public/g33495_120x120.png
Preston Lions U20,https://cdn5.wyscout.com/photos/team/public/g-21552_120x120.png
Puebla,https://cdn5.wyscout.com/photos/team/public/g-8727_120x120.png
Pumas UNAM,https://cdn5.wyscout.com/photos/team/public/g-8738_120x120.png
Purdue Boilermakers,https://cdn5.wyscout.com/photos/team/public/g-7768_120x120.png
Queen's Park,https://cdn5.wyscout.com/photos/team/public/g5422_120x120.png
Querétaro,https://cdn5.wyscout.com/photos/team/public/g-8736_120x120.png
Qviding,https://cdn5.wyscout.com/photos/team/public/g18692_120x120.png
RB Bragantino,https://cdn5.wyscout.com/photos/team/public/g-13032_120x120.png
RB Leipzig,https://cdn5.wyscout.com/photos/team/public/g39588_120x120.png
RFS,https://cdn5.wyscout.com/photos/team/public/g-16546_120x120.png
Racing Club,https://cdn5.wyscout.com/photos/team/public/g-12451_120x120.png
Racing Louisville,https://cdn5.wyscout.com/photos/team/public/g-13860_120x120.png
Racing Seixal,https://cdn5.wyscout.com/photos/team/public/g-19508_120x120.png
Rangers,https://cdn5.wyscout.com/photos/team/public/g12437_120x120.png
Rapperswil Jona,https://cdn5.wyscout.com/photos/team/public/g9284_120x120.png
Rayo Vallecano,https://cdn5.wyscout.com/photos/team/public/g4333_120x120.png
Reading,https://cdn5.wyscout.com/photos/team/public/g9548_120x120.png
Real Ariquemes,https://cdn5.wyscout.com/photos/team/public/g-12416_120x120.png
Real Betis,https://cdn5.wyscout.com/photos/team/public/g22734_120x120.png
Real Brasília,https://cdn5.wyscout.com/photos/team/public/g-12425_120x120.png
Real Madrid,https://cdn5.wyscout.com/photos/team/public/g-12946_120x120.png
Real Madrid II,https://cdn5.wyscout.com/photos/team/public/g-22174_120x120.png
Real Oviedo,https://cdn5.wyscout.com/photos/team/public/g4330_120x120.png
Real Santander,https://cdn5.wyscout.com/photos/team/public/g38689_120x120.png
Real Sociedad,https://cdn5.wyscout.com/photos/team/public/g7269_120x120.png
Rekord Bielsko-Biała,https://cdn5.wyscout.com/photos/team/public/g-19269_120x120.png
Resovia Rzeszów,https://cdn5.wyscout.com/photos/team/public/g33782_120x120.png
Riga FC,https://cdn5.wyscout.com/photos/team/public/g-21237_120x120.png
Robina City,https://cdn5.wyscout.com/photos/team/public/g-18015_120x120.png
Rodez,https://cdn5.wyscout.com/photos/team/public/g9034_120x120.png
Rosenborg,https://cdn5.wyscout.com/photos/team/public/g4415_120x120.png
Rosengård,https://cdn5.wyscout.com/photos/team/public/g4435_120x120.png
Rossvale,https://cdn5.wyscout.com/photos/team/public/g-21793_120x120.png
Rostov,https://cdn5.wyscout.com/photos/team/public/g-13842_120x120.png
Rostov Youth,https://cdn5.wyscout.com/photos/team/public/g-16119_120x120.png
Roubaix Wervicq,https://cdn5.wyscout.com/photos/team/public/g-20862_120x120.png
Rubin,https://cdn5.wyscout.com/photos/team/public/g-13843_120x120.png
Rubin Youth,https://cdn5.wyscout.com/photos/team/public/g-16122_120x120.png
Rugby Borough,https://cdn5.wyscout.com/photos/team/public/g-19386_120x120.png
Ryazan,https://cdn5.wyscout.com/photos/team/public/g6099_120x120.png
Ryazan Youth,https://cdn5.wyscout.com/photos/team/public/g-14158_120x120.png
Røa,https://cdn5.wyscout.com/photos/team/public/g4413_120x120.png
Rīgas FS,https://cdn5.wyscout.com/photos/team/public/g27993_120x120.png
SC Sand,https://cdn5.wyscout.com/photos/team/public/g5190_120x120.png
SCU Torreense,https://cdn5.wyscout.com/photos/team/public/g-12894_120x120.png
SFK 2000,https://cdn5.wyscout.com/photos/team/public/g5382_120x120.png
SFK Rīga,https://cdn5.wyscout.com/photos/team/public/g-16546_120x120.png
SGS Essen,https://cdn5.wyscout.com/photos/team/public/g4425_120x120.png
SL Benfica,https://cdn5.wyscout.com/photos/team/public/g-11170_120x120.png
SW Queensland Thunder,https://cdn5.wyscout.com/photos/team/public/g33272_120x120.png
Saint-Étienne,https://cdn5.wyscout.com/photos/team/public/g5776_120x120.png
Saint-Étienne U16,https://cdn5.wyscout.com/photos/team/public/g-16834_120x120.png
Sampdoria,https://cdn5.wyscout.com/photos/team/public/g-14417_120x120.png
San Diego Wave,https://cdn5.wyscout.com/photos/team/public/g-15384_120x120.png
San Jose State Spartans,https://cdn5.wyscout.com/photos/team/public/g-7848_120x120.png
Sanfrecce Hiroshima Regina,https://cdn5.wyscout.com/photos/team/public/g-14596_120x120.png
Santa Fe,https://cdn5.wyscout.com/photos/team/public/g38693_120x120.png
Santiago Morning,https://cdn5.wyscout.com/photos/team/public/g-11338_120x120.png
Santos,https://cdn5.wyscout.com/photos/team/public/g14355_120x120.png
Santos Laguna,https://cdn5.wyscout.com/photos/team/public/g-8726_120x120.png
Sassuolo,https://cdn5.wyscout.com/photos/team/public/g4497_120x120.png
Schwaben Augsburg,https://cdn5.wyscout.com/photos/team/public/g9401_120x120.png
SeaSters,https://cdn5.wyscout.com/photos/team/public/g-21885_120x120.png
Seattle Reign FC,https://cdn5.wyscout.com/photos/team/public/g24153_120x120.png
Selfoss,https://cdn5.wyscout.com/photos/team/public/g13102_120x120.png
Servette Chênois,https://cdn5.wyscout.com/photos/team/public/g24459_120x120.png
Setagaya Sfida,https://cdn5.wyscout.com/photos/team/public/g18570_120x120.png
Setubal,https://cdn5.wyscout.com/photos/team/public/g5623_120x120.png
Sevilla,https://cdn5.wyscout.com/photos/team/public/g4335_120x120.png
Sevilla II,https://cdn5.wyscout.com/photos/team/public/g14183_120x120.png
Sha Tin,https://cdn5.wyscout.com/photos/team/public/g-17155_120x120.png
Shaanxi Changan,https://cdn5.wyscout.com/photos/team/public/g-16070_120x120.png
Shakhtar Donetsk,https://cdn5.wyscout.com/photos/team/public/g-16861_120x120.png
Shamrock Rovers,https://cdn5.wyscout.com/photos/team/public/g6004_120x120.png
Shandong SL,https://cdn5.wyscout.com/photos/team/public/g-12774_120x120.png
Shanghai SRCB,https://cdn5.wyscout.com/photos/team/public/g-12772_120x120.png
Shanghai SRCB U14 ,https://cdn5.wyscout.com/photos/team/public/g-19011_120x120.png
Sheffield United LFC,https://cdn5.wyscout.com/photos/team/public/g9522_120x120.png
Sheffield United U21,https://cdn5.wyscout.com/photos/team/public/g-20178_120x120.png
Shelbourne,https://cdn5.wyscout.com/photos/team/public/g34391_120x120.png
Shizuoka,https://cdn5.wyscout.com/photos/team/public/g15053_120x120.png
Sichuan,https://cdn5.wyscout.com/photos/team/public/g-14011_120x120.png
Sion,https://cdn5.wyscout.com/photos/team/public/g17005_120x120.png
Sion Swifts,https://cdn5.wyscout.com/photos/team/public/g16154_120x120.png
Skra Częstochowa,https://cdn5.wyscout.com/photos/team/public/g-21859_120x120.png
Slavia Praha,https://cdn5.wyscout.com/photos/team/public/g5308_120x120.png
Sligo Rovers,https://cdn5.wyscout.com/photos/team/public/g-15243_120x120.png
Slovan Liberec,https://cdn5.wyscout.com/photos/team/public/g5305_120x120.png
Slovácko,https://cdn5.wyscout.com/photos/team/public/g6977_120x120.png
Smedby AIS,https://cdn5.wyscout.com/photos/team/public/g15185_120x120.png
South Alabama Jaguars,https://cdn5.wyscout.com/photos/team/public/g-7950_120x120.png
South Melbourne,https://cdn5.wyscout.com/photos/team/public/g27344_120x120.png
South Melbourne Womens U20,https://cdn5.wyscout.com/photos/team/public/g-21549_120x120.png
Southampton,https://cdn5.wyscout.com/photos/team/public/g-13954_120x120.png
Southampton U21,https://cdn5.wyscout.com/photos/team/public/g-20179_120x120.png
Southern Illinois Salukis,https://cdn5.wyscout.com/photos/team/public/g-13641_120x120.png
Southern United,https://cdn5.wyscout.com/photos/team/public/g38101_120x120.png
Southern Utah Thunderbirds,https://cdn5.wyscout.com/photos/team/public/g-7746_120x120.png
Souths United,https://cdn5.wyscout.com/photos/team/public/g32999_120x120.png
Southwestern Oklahoma State Bulldogs,https://cdn5.wyscout.com/photos/team/public/g-18614_120x120.png
Soyaux,https://cdn5.wyscout.com/photos/team/public/g5280_120x120.png
Spain,https://cdn5.wyscout.com/photos/team/public/g4128_120x120.png
Sparta Praha,https://cdn5.wyscout.com/photos/team/public/g5309_120x120.png
Spartak Moskva,https://cdn5.wyscout.com/photos/team/public/g6102_120x120.png
Spartak Subotica,https://cdn5.wyscout.com/photos/team/public/g11970_120x120.png
Spartans,https://cdn5.wyscout.com/photos/team/public/g7114_120x120.png
Speranza,https://cdn5.wyscout.com/photos/team/public/g5456_120x120.png
Spokane Zephyr,https://cdn5.wyscout.com/photos/team/public/g-21640_120x120.png
Sport Recife,https://cdn5.wyscout.com/photos/team/public/g24246_120x120.png
Sporting Braga,https://cdn5.wyscout.com/photos/team/public/g37416_120x120.png
Sporting CP,https://cdn5.wyscout.com/photos/team/public/g37419_120x120.png
Sporting de Huelva,https://cdn5.wyscout.com/photos/team/public/g8140_120x120.png
Spring Hills,https://cdn5.wyscout.com/photos/team/public/g-23169_120x120.png
St John's Red Storm,https://cdn5.wyscout.com/photos/team/public/g-7666_120x120.png
St. Gallen,https://cdn5.wyscout.com/photos/team/public/g7225_120x120.png
St. Johnstone,https://cdn5.wyscout.com/photos/team/public/g27408_120x120.png
St. Pölten-Spratzern,https://cdn5.wyscout.com/photos/team/public/g13555_120x120.png
Staal Jørpeland,https://cdn5.wyscout.com/photos/team/public/g28007_120x120.png
Stabæk,https://cdn5.wyscout.com/photos/team/public/g12930_120x120.png
Stade de Reims,https://cdn5.wyscout.com/photos/team/public/g34268_120x120.png
Standard Liège,https://cdn5.wyscout.com/photos/team/public/g5356_120x120.png
Start,https://cdn5.wyscout.com/photos/team/public/g-19007_120x120.png
Stirling University,https://cdn5.wyscout.com/photos/team/public/g32791_120x120.png
Stjarnan,https://cdn5.wyscout.com/photos/team/public/g5319_120x120.png
Stoke City LFC,https://cdn5.wyscout.com/photos/team/public/g12816_120x120.png
Stomilanki Olsztyn,https://cdn5.wyscout.com/photos/team/public/g-19270_120x120.png
Stony Brook Seawolves,https://cdn5.wyscout.com/photos/team/public/g-7654_120x120.png
Strasbourg,https://cdn5.wyscout.com/photos/team/public/g-15126_120x120.png
Sturm Graz,https://cdn5.wyscout.com/photos/team/public/g11658_120x120.png
Subiaco,https://cdn5.wyscout.com/photos/team/public/g38498_120x120.png
Sunderland,https://cdn5.wyscout.com/photos/team/public/g5274_120x120.png
Sunderland U21,https://cdn5.wyscout.com/photos/team/public/g-20175_120x120.png
Sundsvall,https://cdn5.wyscout.com/photos/team/public/g5210_120x120.png
Sunnanå,https://cdn5.wyscout.com/photos/team/public/g4438_120x120.png
Sunshine Coast Wanderers,https://cdn5.wyscout.com/photos/team/public/g-17585_120x120.png
Super Nova,https://cdn5.wyscout.com/photos/team/public/g-18250_120x120.png
Swieqi United,https://cdn5.wyscout.com/photos/team/public/g30599_120x120.png
Sydney,https://cdn5.wyscout.com/photos/team/public/g12644_120x120.png
Sydney University,https://cdn5.wyscout.com/photos/team/public/g34744_120x120.png
São Paulo,https://cdn5.wyscout.com/photos/team/public/g33109_120x120.png
Södra Sandby,https://cdn5.wyscout.com/photos/team/public/g7295_120x120.png
TIL 2020,https://cdn5.wyscout.com/photos/team/public/g-17004_120x120.png
TPS,https://cdn5.wyscout.com/photos/team/public/g10457_120x120.png
TSL FC,https://cdn5.wyscout.com/photos/team/public/g-17162_120x120.png
TUS Büppel,https://cdn5.wyscout.com/photos/team/public/g9010_120x120.png
Tai Po,https://cdn5.wyscout.com/photos/team/public/g-17158_120x120.png
Tampa Bay Sun,https://cdn5.wyscout.com/photos/team/public/g-20802_120x120.png
Taubaté,https://cdn5.wyscout.com/photos/team/public/g18787_120x120.png
Team TG FF,https://cdn5.wyscout.com/photos/team/public/g37820_120x120.png
Telstar,https://cdn5.wyscout.com/photos/team/public/g-16912_120x120.png
Ternana,https://cdn5.wyscout.com/photos/team/public/g-16918_120x120.png
ThistedQ,https://cdn5.wyscout.com/photos/team/public/g33911_120x120.png
Thonon Évian,https://cdn5.wyscout.com/photos/team/public/g-11965_120x120.png
Thróttur Reykjavík,https://cdn5.wyscout.com/photos/team/public/g7220_120x120.png
Thun,https://cdn5.wyscout.com/photos/team/public/g5409_120x120.png
Thór / KA,https://cdn5.wyscout.com/photos/team/public/g6711_120x120.png
Thór / KA U17,https://cdn5.wyscout.com/photos/team/public/g-16224_120x120.png
Tigres UANL,https://cdn5.wyscout.com/photos/team/public/g-8735_120x120.png
Tijuana,https://cdn5.wyscout.com/photos/team/public/g-8737_120x120.png
Tindastóll,https://cdn5.wyscout.com/photos/team/public/g8400_120x120.png
Toluca,https://cdn5.wyscout.com/photos/team/public/g-8731_120x120.png
Tottenham Hotspur,https://cdn5.wyscout.com/photos/team/public/g11962_120x120.png
Toulouse,https://cdn5.wyscout.com/photos/team/public/g5281_120x120.png
Treaty United,https://cdn5.wyscout.com/photos/team/public/g-12666_120x120.png
Trelleborg,https://cdn5.wyscout.com/photos/team/public/g-17748_120x120.png
Trelleborgs,https://cdn5.wyscout.com/photos/team/public/g-17748_120x120.png
Tuen Mun,https://cdn5.wyscout.com/photos/team/public/g-17171_120x120.png
Turbine Potsdam,https://cdn5.wyscout.com/photos/team/public/g4420_120x120.png
Turbine Potsdam II,https://cdn5.wyscout.com/photos/team/public/g5182_120x120.png
Tutankhamun,https://cdn5.wyscout.com/photos/team/public/g-22792_120x120.png
Twente,https://cdn5.wyscout.com/photos/team/public/g8577_120x120.png
UAB Blazers,https://cdn5.wyscout.com/photos/team/public/g-7802_120x120.png
UCLA Bruins,https://cdn5.wyscout.com/photos/team/public/g-7879_120x120.png
UDG Tenerife ,https://cdn5.wyscout.com/photos/team/public/g25377_120x120.png
UDG Tenerife Sur,https://cdn5.wyscout.com/photos/team/public/g25377_120x120.png
UDG Tenerife Sur II,https://cdn5.wyscout.com/photos/team/public/g34442_120x120.png
UJ Kraków,https://cdn5.wyscout.com/photos/team/public/g13844_120x120.png
UKS Łódź,https://cdn5.wyscout.com/photos/team/public/g24771_120x120.png
UMASS Lowell River Hawks,https://cdn5.wyscout.com/photos/team/public/g-7659_120x120.png
UWA Nedlands,https://cdn5.wyscout.com/photos/team/public/g33188_120x120.png
Uddevalla,https://cdn5.wyscout.com/photos/team/public/g-17749_120x120.png
Umeå,https://cdn5.wyscout.com/photos/team/public/g4439_120x120.png
Union Berlin,https://cdn5.wyscout.com/photos/team/public/g8565_120x120.png
Unirea Alba Iulia,https://cdn5.wyscout.com/photos/team/public/g-22990_120x120.png
University of NSW,https://cdn5.wyscout.com/photos/team/public/g35850_120x120.png
Uppsala,https://cdn5.wyscout.com/photos/team/public/g38248_120x120.png
Urawa Reds,https://cdn5.wyscout.com/photos/team/public/g5460_120x120.png
Utah Royals FC,https://cdn5.wyscout.com/photos/team/public/g-8683_120x120.png
Utrecht,https://cdn5.wyscout.com/photos/team/public/g8578_120x120.png
Valadares Gaia,https://cdn5.wyscout.com/photos/team/public/g25012_120x120.png
Valencia,https://cdn5.wyscout.com/photos/team/public/g14090_120x120.png
Valur,https://cdn5.wyscout.com/photos/team/public/g5320_120x120.png
Vancouver Rise,https://cdn5.wyscout.com/photos/team/public/g-23224_120x120.png
Vancouver Whitecaps,https://cdn5.wyscout.com/photos/team/public/g5962_120x120.png
Varde,https://cdn5.wyscout.com/photos/team/public/g5335_120x120.png
Vasa IFK,https://cdn5.wyscout.com/photos/team/public/g21199_120x120.png
Veres,https://cdn5.wyscout.com/photos/team/public/g-16862_120x120.png
Viking,https://cdn5.wyscout.com/photos/team/public/g-17642_120x120.png
Viktoria Berlin,https://cdn5.wyscout.com/photos/team/public/g24570_120x120.png
Viktoria Plzeň,https://cdn5.wyscout.com/photos/team/public/g5307_120x120.png
Vilaverdense FC,https://cdn5.wyscout.com/photos/team/public/g16517_120x120.png
Villarreal,https://cdn5.wyscout.com/photos/team/public/g16952_120x120.png
Virginia Tech Hokies,https://cdn5.wyscout.com/photos/team/public/g-7706_120x120.png
Virginia United,https://cdn5.wyscout.com/photos/team/public/g33985_120x120.png
Vittsjö,https://cdn5.wyscout.com/photos/team/public/g6011_120x120.png
Vorskla Poltava,https://cdn5.wyscout.com/photos/team/public/g-19260_120x120.png
Värnamo,https://cdn5.wyscout.com/photos/team/public/g7299_120x120.png
Växjö,https://cdn5.wyscout.com/photos/team/public/g34780_120x120.png
Vålerenga,https://cdn5.wyscout.com/photos/team/public/g10008_120x120.png
Víkingur Reykjavík,https://cdn5.wyscout.com/photos/team/public/g-16257_120x120.png
WSE,https://cdn5.wyscout.com/photos/team/public/g-17156_120x120.png
Washington Spirit,https://cdn5.wyscout.com/photos/team/public/g24154_120x120.png
Waterford FC,https://cdn5.wyscout.com/photos/team/public/g-23168_120x120.png
Waterside Karori,https://cdn5.wyscout.com/photos/team/public/g-20319_120x120.png
Watford,https://cdn5.wyscout.com/photos/team/public/g5259_120x120.png
Weinberg,https://cdn5.wyscout.com/photos/team/public/g7291_120x120.png
Wellington Phoenix,https://cdn5.wyscout.com/photos/team/public/g-14911_120x120.png
Wellington Phoenix II,https://cdn5.wyscout.com/photos/team/public/g-20320_120x120.png
Wellington United,https://cdn5.wyscout.com/photos/team/public/g-20321_120x120.png
Werder Bremen,https://cdn5.wyscout.com/photos/team/public/g11286_120x120.png
West Bromwich Albion WFC,https://cdn5.wyscout.com/photos/team/public/g9526_120x120.png
West Coast Rangers,https://cdn5.wyscout.com/photos/team/public/g-22500_120x120.png
West Ham United,https://cdn5.wyscout.com/photos/team/public/g5260_120x120.png
West NTC,https://cdn5.wyscout.com/photos/team/public/g33129_120x120.png
Westerlo,https://cdn5.wyscout.com/photos/team/public/g-21674_120x120.png
Western Springs,https://cdn5.wyscout.com/photos/team/public/g-16980_120x120.png
Western Sydney Wanderers,https://cdn5.wyscout.com/photos/team/public/g22793_120x120.png
Western United,https://cdn5.wyscout.com/photos/team/public/g-17234_120x120.png
Wexford,https://cdn5.wyscout.com/photos/team/public/g20687_120x120.png
Wexford Youths,https://cdn5.wyscout.com/photos/team/public/g20687_120x120.png
White Star Woluwé,https://cdn5.wyscout.com/photos/team/public/g5362_120x120.png
Wil,https://cdn5.wyscout.com/photos/team/public/g25063_120x120.png
William & Mary Tribe,https://cdn5.wyscout.com/photos/team/public/g-7781_120x120.png
Wolfsburg,https://cdn5.wyscout.com/photos/team/public/g4427_120x120.png
Wolfsburg II,https://cdn5.wyscout.com/photos/team/public/g22476_120x120.png
Wuhan Jiangda,https://cdn5.wyscout.com/photos/team/public/g19398_120x120.png
Yale Bulldogs,https://cdn5.wyscout.com/photos/team/public/g-7816_120x120.png
Yamato Sylphid,https://cdn5.wyscout.com/photos/team/public/g37984_120x120.png
Yokohama FC,https://cdn5.wyscout.com/photos/team/public/g35711_120x120.png
Young Boys,https://cdn5.wyscout.com/photos/team/public/g5408_120x120.png
Zenit,https://cdn5.wyscout.com/photos/team/public/g-12680_120x120.png
Zenit Youth,https://cdn5.wyscout.com/photos/team/public/g-14156_120x120.png
Zhejiang,https://cdn5.wyscout.com/photos/team/public/g-12777_120x120.png
Zhejiang Hangzhou U14,https://cdn5.wyscout.com/photos/team/public/g-20431_120x120.png
Zhytlobud-1,https://cdn5.wyscout.com/photos/team/public/g18997_120x120.png
Zulte-Waregem,https://cdn5.wyscout.com/photos/team/public/g5364_120x120.png
Zvezda 2005,https://cdn5.wyscout.com/photos/team/public/g6592_120x120.png
Zvezda 2005 Youth,https://cdn5.wyscout.com/photos/team/public/g-14159_120x120.png
Zürich,https://cdn5.wyscout.com/photos/team/public/g5412_120x120.png
Älvsjö AIK,https://cdn5.wyscout.com/photos/team/public/g7793_120x120.png
Åland United,https://cdn5.wyscout.com/photos/team/public/g6049_120x120.png
Åsane,https://cdn5.wyscout.com/photos/team/public/g15276_120x120.png
ÍBV,https://cdn5.wyscout.com/photos/team/public/g5316_120x120.png
Örebro SK,https://cdn5.wyscout.com/photos/team/public/g-20852_120x120.png
Øvrevoll Hosle,https://cdn5.wyscout.com/photos/team/public/g21511_120x120.png
Śląsk Wrocław,https://cdn5.wyscout.com/photos/team/public/g-18243_120x120.png
